<?xml version="1.0" encoding="UTF-8" standalone="no"?>
<addon>
  <dependencies>
    <dependency export="false" name="org.jboss.forge.addon:ui" optional="false" version="3.9.7.Final"/>
    <dependency export="false" name="org.jboss.forge.furnace.container:simple" optional="false" version="2.28.4.Final"/>
    <dependency export="false" name="org.jboss.forge.addon:maven" optional="false" version="3.9.7.Final"/>
    <dependency export="false" name="org.jboss.forge.addon:parser-java" optional="false" version="3.9.7.Final"/>
    <dependency export="true" name="org.jboss.forge.addon:projects" optional="false" version="3.9.7.Final"/>
    <dependency export="false" name="org.jboss.forge.addon:javaee" optional="false" version="3.9.7.Final"/>
  </dependencies>
</addon>
